user_id,user_names,email,user_password,age,gender
1,Harsh Kapoor,murthybalhaar@example.net,2Ckz72Ul@v,43,Female
2,Anusha Sawhney,arya89@example.org,&3vEJKnG#0,19,Male
3,Siya Muni,bhandariishani@example.net,OD$U@8qzR),53,Male
4,Bhavya Raj,charles69@example.org,Q1QwN^ex@5,33,Female
5,Shivani Menon,chamelideshmukh@example.com,@qCBJdtS)4,38,Male
6,Yachana Dass,gmenon@example.com,we_1l*ZtE(,30,Female
7,Aishani Ravi,rachit49@example.com,^@Fh8fDnUU,43,Female
8,Ishita Mandal,mekhalakalla@example.org,V^P4%mLt5G,56,Female
9,Lohit Krishnan,kapadiawatika@example.org,$jq3OUsG6b,44,Male
10,David Dhar,gabriel49@example.net,(!Krm9Ch5@,35,Male
11,Madhavi Kade,bachittarmalhotra@example.org,$98XKlNDpQ,37,Female
12,Abhiram Sabharwal,farhanjaggi@example.net,&5XOiC!xEW,33,Female
13,Adweta Pathak,jeremiahvasa@example.net,*hH5WpG%7q,38,Female
14,Vedant Naidu,ssinghal@example.com,_I1S@&fc+0,18,Male
15,Mitali Hari,bhandarigeetika@example.org,+91BGXgD$s,31,Male
16,Matthew Lanka,vsoni@example.net,*wm2SlhpUT,21,Female
17,Nirja Sethi,uhari@example.org,IRgf2WBq9&,28,Male
18,Chatresh Khosla,chandreshkothari@example.org,Wg%K1LTbS3,36,Female
19,Rushil Hayre,mmallick@example.org,s%(!1NKc#3,35,Female
20,Pooja Baria,zsarma@example.com,L11VibZl&c,32,Male
21,Yashoda Samra,upadhritipalla@example.com,Ri39DrcL+*,41,Male
22,Vivaan Sahota,upasnashroff@example.net,Z@uc80Gf#h,52,Male
23,Ekaja Ravi,cdyal@example.org,!rRjc@Eb*7,55,Male
24,Yashica Chahal,raiodika@example.org,@6U5_K7p3M,37,Male
25,Samar Baria,fmanne@example.net,c$87h7Fsyi,37,Female
26,Warjas Kothari,ikshitasheth@example.org,2c303yF2X$,54,Male
27,Osha Seshadri,csani@example.org,qI!41FLs^q,44,Male
28,Oeshi Dixit,ryan60@example.net,H90NyFwF&e,29,Female
29,Matthew Tandon,david77@example.com,X^7oAV8fID,44,Male
30,Samesh Deep,faraj45@example.org,x%c3Bae18B,49,Male
31,Kritika Dube,srinivasanquincy@example.net,!AbmStcwf3,54,Male
32,Hitesh Kade,vartyadweta@example.net,K+5FPpiqp4,50,Female
33,Lohit Bawa,ydave@example.com,ml(3vTkwN+,37,Male
34,Widisha Pingle,sram@example.net,CFWIcr_J^4,43,Female
35,Manthan Banerjee,aradhana13@example.com,zPEU2O6b_9,47,Female
36,Jeet Muni,nmutti@example.org,Qs_8JmnREt,54,Female
37,Ronith Tiwari,wardacheema@example.com,K4I(tJIr!Y,59,Female
38,Ryan Borah,oni00@example.org,!a0Mt1N)Gh,54,Male
39,Vritti Trivedi,lakshmi99@example.net,ZL*0&6KbPw,44,Male
40,Patrick Mohan,manyavyas@example.net,jlZEXb4b#2,21,Female
41,Mitesh Peri,bachittar25@example.com,lAG82VBx$4,38,Male
42,Bina Jain,orindersen@example.net,Hxix_5Um3t,57,Female
43,Adya Rau,kamalamuni@example.com,%gNoDpiLt4,38,Female
44,Chatresh Subramaniam,dvenkataraman@example.net,4bAnXD9j@H,48,Female
45,Yug Zachariah,battaansh@example.com,!15QFcPwbl,51,Male
46,Hardik Sibal,murthykrish@example.net,3l9*8XpP*t,37,Male
47,Baghyawati Memon,jagatdada@example.org,k_I9d+Yzf+,26,Male
48,Nathan Nagi,fiyazdate@example.com,%1B1#(Mn!c,44,Female
49,Anthony Rajagopal,chokshixiti@example.net,I$5fs+Ys2*,36,Male
50,Ishwar Gara,farhan19@example.com,r0OosN*I#Y,22,Female
51,Jacob Vig,netramann@example.org,^CB3Ps2Jss,29,Male
52,Libni Kuruvilla,maya12@example.com,_5!WLgI)g#,46,Male
53,Harsh Pau,mohantypranit@example.com,HIzBYDii!6,45,Male
54,Kavya Warrior,jonathan79@example.com,!4iPhY55KS,22,Male
55,Shravya Shroff,gandhiindali@example.com,P&8Wup^T^0,31,Male
56,Ekavir Arya,lahuja@example.com,+^PfDeu#h5,41,Male
57,Krishna Kari,walibaljiwan@example.com,V)5VXy+Lkm,37,Female
58,Ishwar Ghosh,jananiraghavan@example.org,!PCYLrxF8h,42,Female
59,Krisha Mittal,zbawa@example.com,f^j0IhVdjH,32,Female
60,Ayush Natarajan,ekbalprabhakar@example.org,F$8TgAyH+9,49,Male
61,Samaksh Sethi,ekapadbobal@example.com,#1IDnjdB(9,44,Female
62,George Bhagat,vihaan79@example.com,*7ZaDqNL@h,45,Female
63,Rudra Sami,zehaan71@example.com,Em$5zQf#$W,22,Female
64,Zaid Mammen,yasti68@example.net,&B69G%3ps#,24,Female
65,Omaja Sundaram,htak@example.net,)Z2Z&srj7g,27,Male
66,Raagini Manda,chamanraja@example.net,x4OkCCLe!r,56,Female
67,Isaac Shenoy,ubika02@example.org,^6F7wQ)ai(,42,Male
68,Ronith Prabhakar,boasemax@example.org,bM32pLVw*s,33,Male
69,Yachana Bhalla,samarsura@example.com,g4#Muw1b)S,55,Male
70,Robert Din,dorafinn@example.com,O*E1hr3qgB,49,Male
71,Vritti Bir,ojaschanda@example.org,(xN8FnLnF9,56,Female
72,Wriddhish Prasad,rnadkarni@example.net,0UvUoIWp*B,21,Female
73,Chatresh Nanda,saumyasule@example.org,*$E+!9Efz+,46,Female
74,Reyansh Parmar,xitivig@example.org,1l1D$6vr_A,47,Female
75,Priya Natarajan,hbalakrishnan@example.net,+W#1xJpfWY,20,Male
76,Kalpit Kalla,onayar@example.com,*2SXtVJ^S$,54,Female
77,Yoshita Kunda,bahadurjitdesai@example.com,Ar9EV$a7a%,38,Male
78,Lakshmi Mani,bsani@example.net,tLMhR8Mu%9,30,Male
79,Nimrat Pingle,sridharlohit@example.com,(EOMHNqz82,46,Female
80,Aahana Gour,ahujaabeer@example.net,a0YR^h5k(j,45,Female
81,Isaac Kari,abhiramagate@example.net,^3J(T^cdGF,27,Male
82,Inaya Khanna,talwarvidhi@example.com,@5&A2V0M$c,42,Male
83,Pooja Chakrabarti,om55@example.net,(6Tdvl&uY6,19,Male
84,Devika Halder,eeshajha@example.org,&w53EKrdL_,31,Male
85,Nandini Dhawan,mannanaashi@example.com,W%0yZtgA+D,53,Male
86,Arjun Chowdhury,lmohan@example.org,%Mx0TT&pBL,28,Male
87,Nikita Bhagat,sathemanthan@example.com,@0YAnGamwA,40,Male
88,Finn Narain,lsarna@example.net,H+A3eBbsWP,35,Male
89,Kevin Kaur,yashawiniaurora@example.org,*ttm8OYgPW,30,Female
90,Adweta Brahmbhatt,ygaba@example.net,Wf8LybH6X$,20,Male
91,Anamika Mann,pallavibadal@example.net,1l_*9HhzB*,19,Male
92,Shivansh Ramanathan,frederickissac@example.net,a6phKSt_+Y,60,Female
93,Lohit Goda,kamyalad@example.net,35BQ^uDQ&J,21,Male
94,Bhavna Raj,btandon@example.net,J_+6YPa@*U,60,Male
95,Prisha Minhas,pbose@example.com,V1wFQ1Ws(U,27,Female
96,Jacob Dhaliwal,bchar@example.net,^73IMSHFde,48,Female
97,Oviya Kant,sahotazehaan@example.org,z78YLT3bq#,60,Female
98,Yutika Gour,sehgallucky@example.net,u5j4RXmc&7,45,Female
99,Ronith Sachdev,hardik51@example.net,+oSx6z3b73,27,Male
100,Oni Mukhopadhyay,bchakrabarti@example.com,#!u0^Vce2G,46,Female
101,Manbir Madan,ranbirsekhon@example.org,2(o92Gke$A,41,Female
102,Chakrika Cherian,sabharwalyatin@example.net,)*E&1+Faab,51,Female
103,Hitesh Pillay,darsh39@example.org,il9Fh9ZWY!,56,Male
104,Nathan Srivastava,xbains@example.net,h8RUBYl3!h,58,Female
105,Kashish Chaudhry,cdara@example.net,G76BZIsoK_,60,Female
106,Kiaan Luthra,edatta@example.com,DQ!4+Idmek,42,Male
107,Benjamin Mahal,agill@example.org,lU_(n1Rq*y,55,Male
108,Abhiram Narang,ishanvimitter@example.org,SC^4Q(pe6B,30,Female
109,Samuel Desai,poojasavant@example.org,j@7LTguubK,32,Male
110,Isaiah Mallick,sankaranquincy@example.org,&6XpvmAf9s,42,Female
111,Omisha Vohra,vihaan89@example.com,^+5E5!FbZb,41,Male
112,Gavin Natt,faqid85@example.net,Q7xF07Ysx%,58,Female
113,Vincent Kashyap,naveen54@example.com,!0OyT4he&B,29,Male
114,Harita Venkataraman,yochanapuri@example.org,mj5Zwc%N6+,22,Female
115,Udant Yadav,snarayan@example.net,qN!!6EYfB1,26,Female
116,Yug Ram,edwinoliver@example.net,1@u7LGN&zi,51,Female
117,Zinal Savant,manyawalla@example.net,1u+^V3NrlX,30,Male
118,Indrajit Prabhu,etakalita@example.com,D1ZZLr_d_q,47,Female
119,Jacob Sha,suhanipatla@example.org,&2P2Ph9Jp4,50,Female
120,Ishwar Varma,thakurojas@example.org,_R#K0Tmxnz,42,Female
121,William Issac,pavanipalan@example.org,qO!4NbDf4#,57,Female
122,Daniel Mitter,dominicprasad@example.com,^0Ubg*Mq$9,59,Female
123,Madhavi Bhardwaj,kaletanish@example.net,8Ij^D_(l_7,32,Female
124,George Ranganathan,bobalrushil@example.com,ox8gFFo6^G,29,Male
125,Anirudh Thakkar,jyoti29@example.com,43@6wODq&X,18,Female
126,Henry Dhawan,abeerrau@example.com,l_3N4wEheh,58,Female
127,Omkaar Maharaj,chaitanya28@example.org,Ys(r1OYl$+,24,Female
128,Eiravati Mallick,ganga65@example.net,*NVC$Rxs0e,56,Male
129,Tara Talwar,horamanan@example.org,3ZOfRsOl(U,57,Female
130,Arin Varkey,malhotrakai@example.net,cp*0R2GuEK,25,Male
131,Ojas Golla,vanyachakrabarti@example.net,M(RpLqIS^7,53,Male
132,Anmol Pandya,gunbirnarayan@example.org,dweuE(YV^3,38,Male
133,Ekaraj Dara,srinivasmadhav@example.net,z10wWiM6E%,46,Male
134,Urmi Modi,dayitagera@example.com,!wW&Ltb$_4,40,Male
135,Indali Ganesh,harininagy@example.net,+G6NzKnfRy,22,Female
136,Guneet Divan,garima52@example.com,w$+5%mXtk3,55,Male
137,Bhanumati Sanghvi,dayitasanghvi@example.org,^fVi*PrX8M,55,Male
138,Anika Bala,alalla@example.net,89N(rTM8^&,31,Female
139,Rishi Kar,hansvinaya@example.org,4a2FjZCdT&,27,Male
140,Dayita Vaidya,brijeshagate@example.com,@3gzw2Xz1Z,21,Female
141,Anya Om,rishi03@example.com,gkNG3Ev5)8,18,Female
142,Nimrat Chanda,diyajha@example.com,M8^6&RnHj0,59,Male
143,Wahab Kalita,shankerranveer@example.com,m$dE8Od&I$,54,Male
144,Nikita Varkey,zsheth@example.com,$1ZtjI#I7z,21,Female
145,Vincent Lalla,geramaya@example.org,!JGTT0akl3,38,Male
146,Jatin Sahni,nramaswamy@example.net,mBL!7MWk34,39,Female
147,Rohan Bhat,dhruvmodi@example.net,&4RdmNiWiK,25,Female
148,Isaac Goyal,adyaraja@example.com,!M(HRxpTn4,21,Male
149,Anthony Sachdeva,nathangandhi@example.com,A)9FW_xl7m,35,Male
150,Dakshesh Rama,hratta@example.org,BvMp1#Yn#2,51,Male
151,Alexander Goel,damyantibala@example.net,Zm2DvTZny%,60,Female
152,Vyanjana Kade,aishani10@example.net,t@0xt@Mr@f,24,Male
153,Pranav Goyal,xkhanna@example.org,&R5Arq(DRy,47,Female
154,Kamala Sodhi,xgala@example.com,B_wL1JHcv#,48,Male
155,Ati Mittal,guneetbal@example.com,#2NAmb*8I(,59,Female
156,Gaurav Thakur,falanpandey@example.com,YhWzTUot+5,25,Female
157,Zansi Gera,hritikbabu@example.org,315xJWTt&W,55,Female
158,Barkha Baria,bachittar33@example.com,c61qZWXi+V,49,Male
159,Chakrika Dugal,lakshit67@example.com,9@@_1gTgHn,29,Female
160,Ayush Khurana,chandrannandini@example.net,JDc0!NbDR@,31,Male
161,Wakeeta Rana,bimala58@example.net,^HNSibbq92,54,Female
162,Pahal Agrawal,kanne@example.net,f@5Nev$IjP,27,Male
163,Chanchal Kamdar,murtyadvaith@example.com,7znWQOy_)G,52,Female
164,Timothy Gola,zachariakaran@example.net,I#Kl9cfy^6,53,Male
165,Hardik Bawa,snehapanchal@example.net,)5bTR)2o5I,23,Male
166,Charan Rao,ucchal35@example.com,Q%2HUIucKa,43,Female
167,Atharv Mittal,gavin55@example.org,@p%2@LUbd8,28,Female
168,Warjas Taneja,meera91@example.org,%+ppxdPc&5,31,Male
169,Jeet Pandit,darshchana@example.org,U@qw6dKwgV,60,Female
170,Champak Pall,shankarlajita@example.org,Q__a7EwyC9,20,Male
171,Chameli Chana,sinhanetra@example.net,*W8LiCs(_0,41,Male
172,Nimrat Kohli,khatrianthony@example.net,r*nV2Oyh)5,20,Male
173,Zinal Goda,omkonda@example.net,UEzKuwWW%7,27,Female
174,Michael Gala,vigchameli@example.com,xODRGtpD$8,57,Female
175,Jagvi Boase,jzacharia@example.com,_94nPO1icl,56,Female
176,Gaurav Sahni,hema17@example.com,I3&JQehM)&,43,Female
177,Ranbir Varughese,kavya22@example.net,v@7d#Km7G(,34,Female
178,Girish Pandit,bbrar@example.net,@FPSJP8c68,33,Female
179,Maya Om,mtak@example.net,)P9hV@v3Q5,42,Male
180,Edhitha Sem,kadakiamekhala@example.org,7!#PHWJw$6,37,Male
181,Abeer Dube,sawhneyinaya@example.net,@yP72ACdQI,40,Female
182,Vasana Oza,kbava@example.net,1V%@@1Vc!c,60,Female
183,Sanaya Konda,zinalkothari@example.net,p9TrvlPI^5,50,Female
184,Sathvik Rana,vtrivedi@example.org,F#y95SOdJx,59,Male
185,Dhriti Karan,abhiram29@example.org,dq2As^vcR!,41,Female
186,Aashi Bera,omyamishra@example.com,Ss!1)Jcj((,25,Female
187,Tara Garg,ckari@example.org,^11eCJgXG!,33,Female
188,Ikshita Divan,jairajdeep@example.org,Cu9IPlx7@2,19,Male
189,Samar Deep,gandhineha@example.net,*i38ZLQnEo,42,Male
190,Aadi Ganguly,vvenkataraman@example.com,$gAkLZfdO3,46,Female
191,Gavin Madan,ogaba@example.net,1(3DYPQ0Un,36,Male
192,Harinakshi Doctor,diya60@example.net,^0yEJBAz@&,57,Female
193,Abhimanyu Ganesan,fkhare@example.org,9ENLU30o!A,56,Male
194,Bhavna Atwal,balvanlata@example.org,MiQpB!Hx!2,58,Female
195,Forum Sule,mukhopadhyayurvashi@example.org,U9+3C39sE&,35,Male
196,Riya Sharaf,mishraayushman@example.com,+_7ZLETnzj,23,Male
197,Nisha Saini,vramaswamy@example.org,as9v%R53f$,55,Female
198,Mitesh Mitra,mkalla@example.net,Y_3Mj_Eskd,56,Female
199,Pooja Chahal,ojasviloke@example.org,O$6*vTqlTW,50,Female
200,Varsha Kade,manthan99@example.com,MbIM5SlpF&,55,Female
201,Christopher Sani,whegde@example.com,GMTPD3DiZ@,60,Male
202,Varenya Pradhan,samiira@example.com,@pL$_eMBi7,34,Male
203,Aahana Raman,qkibe@example.org,)^J6RyLhGS,43,Female
204,Aadi Nagar,yadavi53@example.com,hPo3t4egU^,41,Male
205,Varenya Sem,yadavoscar@example.net,&6YmN5l8&1,31,Male
206,Ronith Patla,srinivasanbhavani@example.org,724DGGe3)),29,Female
207,Victor Nanda,ikar@example.com,g7Pw*Ky3@3,20,Female
208,Liam Kar,krishnanatarajan@example.com,16jB2kO_+f,32,Male
209,Anusha Natarajan,badamichanakya@example.org,)q7OhUg^Oy,21,Female
210,Vidhi Mohan,hhora@example.net,q^9Y%S@u%v,23,Male
211,Daksh Chanda,yashasviaggarwal@example.net,!L7KK1Bb8),19,Male
212,Quincy Sachar,ysingh@example.net,K_asa0SsZ@,39,Female
213,Owen Thaker,kotharibrinda@example.org,I2N0gzgy$G,52,Female
214,Tara Seth,manan50@example.org,MEuC4Rwc@0,42,Female
215,Chakrika Nagy,chaayamahal@example.net,qM4pRKSnL$,43,Male
216,Tanmayi Shetty,dhruv18@example.org,)rOU1ILi2f,21,Male
217,Pavani Mander,sarkarsaumya@example.com,Sj76IV5^a*,58,Female
218,Yashvi Brar,abeer40@example.com,N6Lznx#N+p,24,Male
219,Elijah Bandi,nicholassathe@example.com,InSuH0Jm^z,36,Male
220,Kevin Talwar,prashadchameli@example.net,9+4SvqlzTa,35,Female
221,Upadhriti Sankar,rajeshri25@example.com,c1z7DOzg@M,45,Female
222,Dhruv Choudhury,jyoti38@example.net,(G*9lMjTXa,33,Female
223,Pratyush Mane,uvirk@example.net,5f7FI#kEh*,52,Male
224,Vasudha Chahal,bhatiaishita@example.net,tn@Z1XvI(^,58,Male
225,Maanav Sinha,khatriekapad@example.net,+4eruVlvt_,43,Male
226,Tanay Bora,sathvik14@example.net,%(YNFRxz82,35,Male
227,Triya Chatterjee,kallasamarth@example.com,@12COTKx0i,31,Female
228,Janani Sabharwal,valaadvay@example.net,Z5bCU3Du_R,38,Female
229,Karan Rajagopal,jmodi@example.org,pQ3JZRuWy!,33,Male
230,Charita Palan,vmagar@example.org,gxGm%9gu#2,43,Female
231,Daksh Sengupta,darpan16@example.org,VC205qSu_N,53,Male
232,Chameli Chawla,chaudrynoah@example.org,NDP6Iw%^$G,43,Male
233,Vidhi Wadhwa,hde@example.com,Tt#$5vOz$F,26,Male
234,Ganga Bhatt,luckydutta@example.com,QQ#6^UZb0C,46,Female
235,Gaurika Verma,jatin32@example.net,#Dm4gm)wh4,35,Female
236,Baljiwan Ganguly,fiyazsahota@example.org,%3PloQ_hwm,57,Male
237,Vivaan Tailor,manneaadhya@example.org,@ZF5fr4e3S,44,Male
238,Anita Nadig,wkibe@example.net,r(3KVJdf90,45,Male
239,Onkar Vora,lukenarayanan@example.org,49(K50cF%n,58,Male
240,Ayaan Balay,rbail@example.org,*)W)B1g$5y,44,Female
241,Praneel Boase,pandeybhavika@example.com,@ag1Oiry9B,22,Male
242,Om Din,savanthitesh@example.com,jGQv8Ne7$%,31,Male
243,Manan Kari,dominicatwal@example.net,d0e#ANKc&9,24,Female
244,Jagdish Zachariah,routmohammed@example.org,)MP8Sm9KJt,50,Male
245,Saumya Mishra,subramaniamqushi@example.net,#U9_0IJkP&,20,Female
246,Aryan Soman,hemangini49@example.com,I%K51Yzq1g,34,Female
247,Ekansh Thakkar,luke04@example.org,AbV)p%vC+8,21,Male
248,Luke Vig,haldercharita@example.com,b!0GOd*m%I,46,Male
249,Nihal Dada,fbhargava@example.net,$)M9r*U2_8,43,Male
250,Gaurika Mohan,kundaraagini@example.org,m01XYxaN(s,56,Male
251,Dalbir Bala,gauravoak@example.net,38dYQIRq)O,26,Male
252,Ekapad Dubey,bviswanathan@example.net,##Lhilnx9a,25,Female
253,Aashi Toor,shanindrajit@example.com,zOU(Y8Je_Q,30,Female
254,Widisha Sunder,nimratbrar@example.net,BR3GDiGI&9,58,Male
255,Radha Taneja,basufarhan@example.org,+N95G%6aYj,24,Female
256,Yadavi Bhardwaj,smerchant@example.org,@d1$2RqJrl,21,Male
257,Mugdha Bhatnagar,buchlibni@example.com,D$9V3TkLy^,59,Male
258,Balveer Choudhury,patrick12@example.com,Us@6nCLmyq,22,Male
259,Yagnesh Taneja,dewanpahal@example.org,GYH3W$tD@2,48,Female
260,Vivaan Trivedi,atharvsachdeva@example.org,bv&5UoAPM*,31,Female
261,Chandran Balakrishnan,vaidyasiya@example.org,#aEFKDVET9,24,Female
262,Yash Wagle,caleb71@example.com,e*zI$+L1Je,48,Male
263,Jagat Kala,bhandarielijah@example.org,nm09YoZwT*,49,Female
264,Kashish Batta,baradchandresh@example.org,g9ykXaMi#S,55,Male
265,Balhaar Parikh,soza@example.com,3D3DW2n#v),48,Female
266,Azaan Agarwal,nakshvarma@example.org,AKtA9Etz^A,19,Male
267,Dhruv Barman,madhavedwin@example.com,5x@kI*Wo^1,38,Female
268,Hardik Varkey,bhagatbenjamin@example.com,0#IWU7(gqF,50,Female
269,Gaurika Roy,aachalgour@example.org,^2UYchr29l,46,Female
270,Lila Thaker,charharish@example.com,HZYAnCLG&7,41,Female
271,Jyoti Kale,harishsekhon@example.org,W%S7YR*d!V,41,Female
272,Charles Grewal,krish22@example.net,)pWxJ&of_5,46,Male
273,Aahana Sampath,barkha74@example.net,f_00DomUOH,36,Female
274,Laban Prabhakar,uverma@example.org,5e1IYDgO!p,21,Male
275,Ojas Ram,snagar@example.org,P&#7N!+jv&,59,Male
276,Edhitha Badami,mlad@example.net,GtZ*k8Nj(6,39,Female
277,Rishi Chadha,yatinkala@example.net,+(#1QexyDf,35,Female
278,Daksha Raghavan,ytella@example.com,$9foGGsbMl,26,Female
279,Lekha Mandal,pauisaac@example.net,zG3NYpzQ$a,54,Male
280,Frederick Chana,jairaj61@example.org,FPV)5lAzk),41,Female
281,Aditya Suresh,yashodanadig@example.org,C)+0S+r&W&,24,Male
282,Balveer Pradhan,aarna39@example.org,%70B1xMf@4,19,Male
283,Manya Mitter,surijasmit@example.net,!3ZGlK3oWC,18,Male
284,Kamya Chaudry,pdas@example.org,9&Y5MKEu^C,20,Male
285,Urvi Kapoor,ethanlad@example.com,*kh5SfYra7,29,Female
286,Ekapad Kanda,prisharay@example.com,M9F)tq&r%S,47,Male
287,Gunbir Patel,tanvi75@example.org,4)M9h%k1*1,23,Female
288,Mahika Bala,ishaannagi@example.net,i5FqEYaK!2,24,Female
289,Kamala Warrior,vsoman@example.com,nr+0aDHj$C,20,Female
290,Vanya Mahal,qyogi@example.org,@JQzaRvxw3,27,Male
291,Baljiwan Sastry,baghyawatinadig@example.com,wvn4GDy!D$,18,Male
292,Gaurav Chada,jshan@example.com,9+3wBmiij%,21,Female
293,Gunbir Dar,anushaperi@example.net,VW7dAiw2N*,48,Female
294,Wahab Sen,falguniwason@example.net,3*3ZeNl5Zk,22,Female
295,Gayathri Chatterjee,ekavir89@example.com,j5ZpcYot_m,20,Male
296,Gautami Dara,upkaar95@example.net,(2SrK0bg#!,38,Female
297,Priya Bobal,behlmatthew@example.com,a14NpvAm#G,43,Female
298,Osha Sidhu,gsibal@example.com,+yGU0Rukh6,22,Female
299,Aahana Kamdar,oratta@example.net,J3hKG1b(%f,42,Female
300,Jeevika Lall,fariq23@example.org,F7smwF8p_A,21,Female
301,Ekanta Solanki,akshayvarty@example.com,gzR_U2ZaLt,42,Female
302,Ekaraj Ratta,wthaman@example.net,*6xnOKYdpE,39,Male
303,Reva Chauhan,snanda@example.net,(2Pq_A(_dB,33,Male
304,Ansh Setty,balveer93@example.net,+5GzdeHmGF,45,Male
305,Faqid Rana,dejacob@example.org,w6_v%_Ek@K,33,Male
306,Ikshita Iyer,vnath@example.org,kF%&8mZfk%,51,Female
307,Adweta Rout,kumervihaan@example.org,N&0QFohky7,58,Female
308,Frederick Bhatt,doraalka@example.com,z0+Erkem_K,29,Male
309,Chameli Pradhan,anirudh05@example.net,J&Buic3X!7,23,Male
310,Amrita Vaidya,alka82@example.com,9C14Vgu4a$,41,Female
311,Jai Sem,wpant@example.org,_KpzC4qA)7,36,Female
312,Ekantika Shenoy,frado91@example.net,3)a3QuXl0_,43,Male
313,Upasna Bali,daraarin@example.com,7D3ABjud^),55,Male
314,Farhan Rattan,jagratimurty@example.org,+m8VYCTsA0,50,Male
315,Viraj Rana,rluthra@example.net,($Hlp(Q@m3,36,Male
316,Amol Cheema,gollatriya@example.net,pLP*3MFy*@,51,Female
317,Varsha Pandit,nakulkant@example.net,N9Q4IK0mJ),20,Male
318,Hema Lad,yauvanizacharia@example.org,_)5Y3luo8a,56,Male
319,Rushil Dugar,samarthpingle@example.org,%38+OW4n+Z,43,Female
320,Onkar Chandran,fsehgal@example.net,_Yq(6Ryt$D,42,Male
321,Isaiah Mody,wbail@example.org,GZ8HpY6uw_,31,Female
322,Chaitaly Kanda,ubarman@example.net,O)z5wRFKqd,27,Male
323,Upma Balakrishnan,zansichatterjee@example.com,!!5DoeYWCp,23,Male
324,Qadim Bhardwaj,bdalal@example.org,1aDQ2Tqx&2,34,Male
325,Harsh Grover,tanish23@example.net,RM6Eux&Qs*,41,Male
326,Joshua Natarajan,cuppal@example.net,$68SgyCt#M,60,Female
327,Om Kade,yoshita55@example.net,%etCnZdX4c,39,Female
328,Keya Prabhakar,dhritibir@example.net,m^ti62CQ)l,36,Male
329,Qasim Jayaraman,ymangal@example.com,1!5I)!Dizu,52,Male
330,Advika Ghose,vaidyareva@example.com,1eJ6X#XjG(,25,Female
331,Rachita Saran,gdeshmukh@example.com,)@iUpSq3!3,57,Female
332,Owen Wable,evarma@example.net,a^2fV08s(P,38,Female
333,Anthony Sethi,ihanda@example.net,+I9SyAHa53,18,Male
334,Dev Garg,natarajanmahika@example.com,f$_n1kXuZu,42,Male
335,Ucchal Bir,regerohan@example.net,F)I9GS^p(6,36,Male
336,Anika Gola,janikrish@example.com,w$R0YVbvGw,46,Male
337,Anvi Natarajan,radhikaraman@example.com,Ie6BJbToc@,38,Female
338,Jyoti Borah,ganga79@example.org,aO1fDsA_u&,58,Male
339,Agastya Datta,tristantaneja@example.com,*t*nJeyL46,40,Male
340,Tanveer Naidu,hansfrado@example.org,%ry3XHlv7V,26,Female
341,Vinaya Kant,udeshmukh@example.com,$bElKVr989,33,Male
342,Pratyush Nori,gopalzacharia@example.org,9ZY_otvv_c,42,Male
343,Ojasvi Sane,rameshsathvik@example.com,l9U6%UWq#l,41,Female
344,Daksha Nath,hemanginimanda@example.com,u*9Ccc)hYA,42,Male
345,Prisha Chad,hardik85@example.org,T#6L1WWKqv,30,Female
346,Amol Savant,sraman@example.com,A9IRv1Wj(D,49,Male
347,Ladli Chauhan,wraja@example.org,t25HDpA_)4,50,Male
348,Tanmayi Bakshi,lohit77@example.net,4N3inOzkD+,46,Male
349,Jackson Vala,nimrat74@example.org,*48fIEvXot,40,Male
350,Indrajit Kota,girish09@example.org,Y&M66Blzrf,33,Female
351,Arya Saxena,waliekansh@example.org,*f6SxY!f!+,59,Female
352,Teerth Sahni,xchatterjee@example.com,62UUIbfK&J,21,Female
353,Raghav Mannan,balivihaan@example.com,_ZeS0URAt2,27,Female
354,Xavier Ganesan,yatantripathi@example.net,L+2wWYHz#9,46,Female
355,Barkha Kaur,leelasarna@example.com,+E0Q3Qle$W,19,Female
356,Elijah Sarraf,isaiahsalvi@example.com,H3IJhPoE$G,33,Male
357,Jalsa Mohan,raghavanbhavya@example.net,)gs7A1k07b,44,Male
358,Omya Thaman,pchakraborty@example.net,aw8qpdGcU_,60,Male
359,Ikbal Mani,brarshivani@example.org,7U9UyMW$)_,45,Female
360,Nirja Kalla,tsanghvi@example.com,1RN3f&CP^F,35,Male
361,Janani Tak,gavingera@example.com,IM8AAoFnn*,41,Female
362,Chameli Nadig,turviganesan@example.org,c73InlL3!o,46,Male
363,Balveer Tata,parmarpavani@example.net,+9Rv_TdqGc,60,Female
364,Panini Pandit,quincysabharwal@example.com,Off8Pgv$+G,60,Male
365,Riya Kuruvilla,bhatdhriti@example.com,vpZS(Z8M_1,43,Male
366,Inaya Kota,arya40@example.com,gA1$CpHj+7,48,Male
367,Indrajit Sagar,gmandal@example.com,E&Y@m1Wo6l,57,Female
368,Aarnav Kade,mviswanathan@example.com,QWzRpFIp@5,55,Male
369,Tanish Chander,purohitishanvi@example.com,%6XgCCb9x!,36,Female
370,Madhav Gaba,wyattcherian@example.net,wHq0*Lxn_5,21,Male
371,Chaitaly Mitra,sanya12@example.com,&8oYm)7sgq,45,Female
372,Kala Gola,jai81@example.net,v$v1VZ8fOP,31,Male
373,Rachana Murty,bmahajan@example.org,v0Bg5eFy(8,39,Male
374,Omaja Garde,ukulkarni@example.com,+LfN#m0zR9,23,Male
375,Tripti Sanghvi,kaleimaran@example.net,*2VpE#bW+q,37,Female
376,Dayita Kapur,onveer05@example.net,N&ExZ2Ra_T,30,Male
377,Yochana De,vsinha@example.org,h4nKk*$z_$,43,Female
378,Yuvraj Baria,aradhanaraju@example.net,&L9RAPdAz#,52,Female
379,Charles Prakash,lravi@example.org,DlD32Rtg+4,57,Female
380,Yuvraj Gulati,kaipanchal@example.net,mFUM$5Gls#,50,Male
381,Umang Mital,lokevidhi@example.net,ccL4$mEoi_,28,Male
382,Jai Grewal,ijaya96@example.com,(njs2Bge4i,31,Male
383,Shivani Mallick,agade@example.com,*5qi+KxVm(,52,Male
384,Meera Butala,srinivasira@example.com,pU6%Io5nk#,57,Female
385,Ayaan Lata,manihitesh@example.net,e^b7xzQlgS,33,Female
386,Ekanta Loyal,david29@example.org,M#*h2LwdYV,56,Female
387,Anika Khatri,alall@example.com,SiZ3CI9y$_,21,Male
388,Aarini Sane,tsami@example.net,(bqOhJ8y56,36,Male
389,Sanaya Keer,mannenachiket@example.net,b!eVwNhv@3,43,Female
390,Onveer Mukherjee,qtaneja@example.org,7%V8R0Lt_J,49,Male
391,Geetika Taneja,bhaktayauvani@example.org,+l#AsLQ!$9,34,Female
392,Harshil Gopal,neelimahayer@example.com,E_8L*Oci@N,28,Female
393,Sneha Tiwari,karnikmanbir@example.net,wW0yYXWk*5,28,Male
394,Vritti Koshy,waliguneet@example.net,7VD!Cyje!9,28,Female
395,Matthew Divan,dkrishnan@example.org,pyA8BVKh4_,39,Female
396,Anvi Ganguly,chaaya88@example.com,*7Dl+kZcXm,30,Male
397,Osha Ramanathan,nkunda@example.org,CpQ7DEcmf(,52,Female
398,Kashvi Vyas,pbir@example.com,T*3RK8zZ_z,42,Male
399,Shivansh Ganguly,vidhi71@example.org,2D^J0Iv5Am,26,Male
400,Aarush Hayer,fchaudhary@example.net,@iSVUHId5P,50,Female
401,Radhika Dhillon,cdas@example.net,i$(c9M+rrI,37,Female
402,Yashodhara Natarajan,jdoctor@example.net,$sEb6j4kv6,36,Female
403,Zaid Kalla,goyalisha@example.com,%lVauwKm82,56,Male
404,Veer Barman,vperi@example.org,0g&3LlSb9@,51,Male
405,Triya Gulati,onveer98@example.com,)r^sJjwkG8,53,Female
406,Bina Bal,ladjagdish@example.org,29EzZ_!2^X,31,Female
407,Oliver Sampath,gchandra@example.net,18x3Nrd9&j,44,Male
408,Vidhi Bhattacharyya,cmall@example.com,ZN*05pIi@^,56,Male
409,Chandresh Sampath,abha22@example.com,&7F8cEpkd),48,Female
410,Kamya Dar,chaturaguha@example.com,yz*5&fIzxf,44,Female
411,Jack Balasubramanian,dradhakrishnan@example.net,#d4P7OCzK),48,Female
412,Siya Madan,tsridhar@example.com,N)7*hsGuNN,30,Male
413,Aarush Thaman,benbalendra@example.com,C0MyWEvA+E,27,Male
414,Udyati Srinivasan,chasmumluthra@example.org,W&Y@J2Zyh#,27,Male
415,Jagdish Dada,vasafariq@example.com,8KMrIymQ^V,43,Male
416,Girindra Bhagat,munifaras@example.org,%*3$ZXOrnp,22,Male
417,Janya Tailor,zramachandran@example.org,!(NhqV*Oe3,38,Female
418,Chakradhar Pant,tsidhu@example.org,c2M!tlzg!A,41,Male
419,Vansha Kannan,nbala@example.org,T%K0Ipk9CH,45,Female
420,Krishna Bahl,xmunshi@example.org,b8k9QDtc!7,35,Male
421,Krisha Bhakta,baghyawatipradhan@example.com,m%8q2qtwRN,28,Female
422,Wyatt Rastogi,haritabail@example.com,^wE9TRSL5W,29,Female
423,Yagnesh Chaudry,bhavani04@example.org,vdR_T0LkQo,36,Male
424,Rishi Mukherjee,ekajashanker@example.com,#V2EANtSq4,56,Female
425,Xiti Dalal,edwinaradhana@example.org,K531D&aFH%,54,Female
426,Jairaj Date,zkamdar@example.net,nV5KqdKh^%,60,Male
427,Adweta Borah,indira21@example.org,vz3DxhLvb@,32,Female
428,Onkar Bhagat,dev14@example.org,Rw$!3KkBzP,57,Female
429,Hitesh Dugar,udyatinaik@example.com,kVBwV)!e!5,21,Female
430,Upasna Nayar,vihaannagi@example.com,!H)WZTfU83,28,Male
431,Hemal Kar,pkrishna@example.org,)b8SnC5u(3,55,Male
432,Libni Ramakrishnan,biswasvansha@example.com,#P(@4NfGWl,33,Male
433,Anvi Rao,zsrivastava@example.org,0fv3Catf(6,54,Male
434,Wyatt Mallick,qmani@example.com,3(3Mz_SXY*,18,Male
435,Chavvi Rao,birgaurav@example.com,)2%C2xft%t,37,Male
436,Lajita Dutta,maanavmahajan@example.org,#SzNxVbFd9,51,Male
437,Nakul Batra,aachalpalla@example.org,12VXYTwd#),54,Female
438,Odika Varughese,darpansodhi@example.net,&g6HIHAy0^,47,Female
439,Dipta Sarraf,bariagavin@example.com,#_L1hsEn*7,34,Female
440,Hardik Lal,lopa13@example.net,8+h&3Wovwt,35,Male
441,Neha Nair,mukhopadhyayarya@example.net,NYM2RxrZ!D,27,Male
442,Ikshita Keer,msoman@example.com,**1SNYl&Hz,25,Male
443,Mohini Chahal,nrana@example.net,FV3d03thf_,18,Male
444,Adya Tripathi,elalla@example.net,^802ZjkaYo,32,Male
445,Nicholas Deep,gkrish@example.com,!3FxrTZzp!,56,Male
446,Harinakshi Jaggi,nazarethbina@example.net,%A1wG8BsTr,35,Male
447,Ishanvi Venkatesh,wahab02@example.org,_+Q8o2Ag5p,51,Male
448,Advik Konda,hbalasubramanian@example.com,!&KVtd1_r5,28,Female
449,Alexander Chad,ggarg@example.com,Ahp4&2Hwj^,39,Male
450,Chandani Bera,mmani@example.net,3J$9j1d^D(,34,Female
451,Arjun Loyal,charan81@example.org,79)99cXbTv,33,Male
452,Kala Sethi,michael67@example.com,9+DN2SYizh,47,Male
453,Ekantika Rama,pushti56@example.com,+307WF1sU*,33,Male
454,Sachi Wagle,bahadurjit54@example.org,tq@#XYri#8,25,Male
455,Mohammed Sanghvi,amairaissac@example.com,@fL3$LknsU,49,Female
456,Abhiram Kapadia,osehgal@example.net,_BnTnzVo3C,42,Female
457,Bimala Sethi,madhavidutta@example.org,j2J(YUwV#1,36,Female
458,Naveen Naidu,kundavivaan@example.com,B)Jz6Kp18y,50,Male
459,Harita Thakur,champaknayar@example.com,T$l5Tkmn(F,58,Male
460,Gaurav Mand,damyantivenkatesh@example.com,e69jsTUu^O,38,Female
461,Michael Parmer,qabildevan@example.com,(x6Ly_DdG5,36,Female
462,Teerth Bhatnagar,yprakash@example.net,O7TS1Gwg%7,52,Female
463,Gautami Rout,sathvik21@example.org,^6cHjBENDf,40,Female
464,Ethan Kashyap,natarajanmax@example.org,&YZY7Dg%*%,58,Male
465,Qarin Tripathi,itara@example.net,A&9NOBlf9f,34,Female
466,Jairaj Mander,rachita95@example.net,94N9Xt@q^8,41,Male
467,Aarush Comar,zmunshi@example.com,(uHUHNvdN2,29,Male
468,Gauri Rao,bhargavasudiksha@example.com,*J8MDDfm9t,43,Male
469,Brijesh Natt,oliverdeol@example.com,_8I0+8Aflr,58,Male
470,Avi Bhalla,aravel@example.net,+5DuRYivg7,58,Male
471,Manthan Viswanathan,sanyaedwin@example.com,25ZAqIXc_&,21,Female
472,Hardik Banerjee,xkadakia@example.net,#UF)zrxzH7,39,Male
473,Rachana Sandhu,agastyabora@example.org,)ybu4Nmab$,55,Male
474,Daksha Mandal,noahcheema@example.com,PF7SCZgsV_,22,Male
475,Janya Kale,majumdarraksha@example.com,I^+k7kG!1b,58,Male
476,Upma Savant,atrivedi@example.org,$2WUPhVLq7,36,Male
477,Wahab Date,adwetaramaswamy@example.org,)Z%_0TefDv,43,Male
478,Urishilla Thakur,libnimishra@example.com,6q0J64#H)#,18,Female
479,Vaishnavi Menon,chakradharbhalla@example.org,0FNn_9Nk^(,35,Male
480,Lipika Kakar,mohinigulati@example.org,_O8K$pcqh4,55,Male
481,Divya Amble,gaurikamitter@example.org,r$66n@(y*J,59,Female
482,Anya Anne,bpandit@example.org,Ju7!Ovx&_7,56,Male
483,Samarth Bahl,keyatiwari@example.net,51m5YV$z&l,56,Female
484,Yoshita Varma,benjaminjaggi@example.net,++PrGsg*g5,21,Female
485,Dayita Dhingra,logandas@example.org,ij(s9If&$1,51,Male
486,Chameli Raman,jmajumdar@example.net,S(w4SIe2g!,30,Male
487,Maanav Banerjee,jyoti04@example.org,+a3)UgXpCK,36,Female
488,Arin Tella,zmodi@example.org,(2q8I^ntxr,19,Female
489,Suhani Bath,chackodipta@example.com,^e1^JPv5J5,54,Male
490,Anay Ram,ozafiyaz@example.net,mQSJfg$l_9,32,Male
491,Darsh Shan,zkeer@example.org,qh5Rft)1w@,52,Female
492,Bhavika Karan,aradhana42@example.com,^i6Iw0d3x8,35,Male
493,Krish Basu,ktara@example.net,@uYcIUlf2j,48,Male
494,Samaksh Dara,yagnesh14@example.com,2Tw9Ulh2s+,46,Male
495,Oliver Rattan,yohannanansh@example.net,*lSIRcVme2,45,Female
496,Jeremiah Sinha,chatresh72@example.com,_9EoeIueT&,36,Male
497,Naksh Pandit,srinivaswahab@example.org,%4Cp1Hy*Yb,52,Female
498,Ekaja Guha,yoshitaratti@example.net,%lREo8Us@d,37,Female
499,Lajita Nair,berasiddharth@example.org,^B@UapQsC6,43,Male
500,Rachana Chokshi,rayaan32@example.com,@N%0Uh8sa_,41,Male
501,Hamsini Majumdar,henryratta@example.org,n6or^PP@*n,21,Female
502,Pahal Hegde,alexanderhora@example.com,t&)3#LVfYM,45,Female
503,Irya Bajaj,aadigala@example.org,KGK)9wpo3#,38,Female
504,Jeremiah Dyal,uvarma@example.com,+MAwKVXpQ8,27,Male
505,Bakhshi Devan,dgolla@example.net,wP9Dz5QtM#,27,Male
506,Anjali Sawhney,cloke@example.net,s1XKWHNy+x,54,Male
507,Timothy Bera,paiati@example.net,*#T5DrunIr,30,Female
508,Harsh Chawla,yashodadani@example.com,Z^2j+Olh+x,39,Female
509,Manya Ghose,gavinsrinivasan@example.com,(qW%o2Yy%2,57,Female
510,Eshana Balay,hemangnaik@example.net,)P6Zg_n&@),53,Female
511,Falak Desai,guneet83@example.net,Tu5^BwN__H,42,Male
512,Urishilla Aurora,rachitagoel@example.org,$7wG+Je9&o,59,Female
513,Isaac Uppal,gsood@example.org,U0yR7gTx(X,18,Male
514,Diya Balan,samakshdeo@example.org,W%8WWwvIy%,53,Male
515,Charita Sengupta,krishnaojasvi@example.net,P)++0Lnj!r,37,Female
516,Frederick Cherian,banerjeemanya@example.org,6e69OAzXG+,47,Male
517,Damyanti Kala,yuvraj81@example.net,#tZNF3ka&6,20,Male
518,Tarak Puri,handageetika@example.org,o@7hA9Obgy,22,Female
519,Jyoti Saxena,mangaleshana@example.net,x8i!f9CmAp,37,Male
520,Jatin Dixit,paninihans@example.net,oHc7)6HnQ&,41,Female
521,Gayathri Subramaniam,usinghal@example.com,9mD_M+dm(8,47,Female
522,Rishi Sekhon,kibepahal@example.net,sB5tBtWY@E,34,Female
523,Jalsa Nadig,qkale@example.net,#4x*K(UnDC,30,Female
524,Abha Virk,tkapur@example.com,(^PY0N)aHC,30,Male
525,Bimala Mangal,braraahana@example.com,y!9Ze&oj*H,28,Female
526,Ira Subramaniam,darpanbal@example.com,E$QHajSX&8,50,Female
527,Januja Bera,borahnirja@example.com,2Na5OxEb+s,35,Male
528,Advay Shetty,rudra65@example.com,)OVewgwF0#,41,Female
529,Rachit Bhatnagar,darika81@example.com,(rv#x2Bff^,40,Male
530,Ronith Warrior,uwadhwa@example.org,^daXhR#K4#,43,Male
531,Lila Sarna,nsoman@example.com,ztZS6Uz(#%,24,Female
532,Abeer Narang,sahotadominic@example.org,y%u%3Vac@(,51,Male
533,Ubika Brahmbhatt,urvashi47@example.com,(x7Dk!vPav,57,Male
534,Krishna Parmar,vedhika77@example.com,*0kKLKNxZx,49,Male
535,Ekantika Dua,dsood@example.net,Pls14HhNl_,44,Male
536,Qasim Pradhan,edhithaissac@example.net,tcT1ApE9)),38,Female
537,Hemangini Zachariah,yashawinitailor@example.org,HWGBJvlz%7,55,Female
538,Anya Nori,radhashan@example.com,&eLjtlhS4J,48,Male
539,Damini Randhawa,aarnav09@example.org,A1i(Oyi$*J,31,Male
540,Hredhaan Iyer,arjun44@example.com,T&0DUSJe@u,41,Female
541,Neel Sarna,fdutt@example.com,*(sREunu25,38,Male
542,Daksh Sarraf,yastibora@example.com,*6gR@BioGh,26,Female
543,Hardik Saini,viyer@example.net,#_6StQy)7E,38,Female
544,Nihal Wason,mangalmatthew@example.net,6cT+1OBm^H,29,Male
545,Gauri Dutt,champak00@example.org,$1xqK!zS_u,20,Male
546,Rudra Mishra,rajatamital@example.net,B)X@y8PeQ$,60,Male
547,Yatin Sastry,indaligoswami@example.org,fa7s7OFvc$,31,Male
548,Eiravati Pant,ranbir67@example.net,AM3Pp4Ze__,21,Male
549,Zaid Kibe,ymani@example.net,z+6Dg&TeBo,31,Male
550,Yashawini Kala,bhathardik@example.net,C$RrFMIv$7,43,Male
551,Arunima Tandon,veda79@example.net,5%Awt(LY&T,26,Male
552,Gopal Doctor,nigamyashasvi@example.org,C8OYP%Is*w,37,Male
553,Yashvi Vohra,hchada@example.net,oX0IPP#s(%,55,Female
554,Fiyaz Naik,wlata@example.org,+XmMB$G$v0,57,Female
555,Kevin Bhatti,vvyas@example.org,5(1_+2ClMg,26,Female
556,Neel Kale,nmalhotra@example.com,ntm(0J&s(&,41,Male
557,Pushti Ganesh,gavin08@example.com,Y^6SLzhQ!j,59,Male
558,Upkaar Pal,ekapad58@example.org,#%$w4vAwgx,34,Female
559,Turvi Sarkar,golavasatika@example.net,m83vK3#I!I,32,Female
560,Nitesh Mohan,urvilad@example.org,M_4m7Cyxa_,52,Male
561,Chaitaly Minhas,prabhakaryash@example.net,vm)7Bfs5LM,46,Male
562,Vasana Kashyap,ksathe@example.org,%582nGOv%+,28,Female
563,Jonathan Tara,ichandran@example.org,!y3OCJvs%t,35,Male
564,Onkar Bajaj,bhallakrisha@example.org,l$5SiopvaK,52,Male
565,Jeet Mital,tanish71@example.com,UnTSWWim*3,25,Female
566,Aadhya Bansal,gbobal@example.net,Py8Z^Ovh^#,44,Female
567,Rayaan Doctor,jacoblanka@example.net,0)7Da)iaXN,26,Female
568,Anjali Raghavan,brijeshdewan@example.com,J1+0QkKkfe,50,Female
569,Gaurika Chacko,gshanker@example.net,3n1esEd6!j,56,Female
570,Faraj Khalsa,victorramesh@example.org,+OP6Jpmys),40,Female
571,Anmol Zachariah,yamini63@example.com,!0g8MMhn17,44,Female
572,Charan Dave,finnviswanathan@example.org,Nu9QD&boh),28,Female
573,Samuel Ben,chakradhar45@example.com,FsI5XGy2*^,50,Male
574,Neha Puri,mandalteerth@example.net,$Dz3CK4k!1,32,Male
575,Upasna Ravel,sinhaanusha@example.net,^TB2g8Oft3,19,Female
576,Vamakshi Dixit,vaidyaliam@example.com,#iuaV^Nj$4,52,Female
577,Vihaan Ahluwalia,unagar@example.net,*vNde0y7&3,53,Male
578,Saumya Swamy,dsalvi@example.com,@3AFR6j4fg,46,Male
579,Gauri Kuruvilla,virkrobert@example.org,^IvCcUaXp4,45,Female
580,Kalpit Nayar,ibiswas@example.com,3cHv6Qi6$f,35,Female
581,Qasim Dara,ulala@example.net,k92ZsFU9!*,35,Female
582,Atharv Sachdeva,snehamorar@example.net,%CIG4UcS(Z,51,Male
583,Dakshesh Sidhu,rakshabala@example.org,*O^1HDy7Sa,56,Female
584,Unnati Sodhi,vrinda38@example.org,!bjKi&mo)6,49,Male
585,Fiyaz Chakraborty,raksha33@example.org,#qcHuzUB^5,22,Male
586,Bina Majumdar,dtiwari@example.net,#wVeS!utQ8,34,Male
587,Girik De,nakul73@example.com,3eIh3kWW*j,37,Female
588,Luke Lata,settynandini@example.org,(_)BR6Inp&,35,Male
589,Ronith Krish,butalajhalak@example.org,To^8UkoZ5o,44,Female
590,Sai Vasa,pganesh@example.net,V6FoLYdC$a,35,Male
591,Tara Mammen,bhandarixiti@example.net,zd9M9DtAM+,54,Male
592,Ishwar Balan,esabharwal@example.net,q!8jGTxyCb,23,Female
593,Amara Ranganathan,mmutti@example.com,K9R_Cxaz*1,42,Female
594,Ekiya Dube,pathakdalaja@example.net,e09NYHjv_M,38,Male
595,Mohammed Khosla,sai10@example.net,v$tU@8Az^9,43,Male
596,Anusha Kapur,khatrinicholas@example.org,ug6IC4^yS$,22,Female
597,Ishaan Bhatt,srinivasnicholas@example.net,+3ZTboU78P,22,Female
598,Janani Korpal,zpatil@example.org,!g8jMRf+^%,24,Male
599,Ikbal Prabhu,azaangulati@example.com,$5bGezhX26,46,Female
600,Rehaan Maharaj,hamsinisagar@example.org,np37IpQfB),58,Female
601,Ayaan Prabhu,yoshita11@example.org,d8ZOxVUu+8,39,Female
602,Adweta Sabharwal,zmanne@example.org,$rczgQXa7K,58,Male
603,William Dey,xmerchant@example.org,Z#lB2AurMl,42,Female
604,Luke Narula,eta93@example.org,+2_H9ORxz@,42,Female
605,Neelima Morar,upadhyaysneha@example.net,69yGgppf!G,30,Male
606,Yahvi Kaur,anmol51@example.net,O4e)fOjw$5,48,Male
607,Ekbal Shah,yugkapoor@example.net,)jSI_Wrl0b,59,Male
608,Yamini Desai,goletristan@example.net,#l8HtB(k3*,18,Female
609,Anirudh Master,laksh15@example.com,gcy2TwpF%A,34,Male
610,Jack Lala,adweta31@example.com,E+w5Js2$V&,27,Male
611,Indali Taneja,veerkala@example.net,@rf%)JzGc5,34,Male
612,Anirudh Gole,tbadal@example.net,)772Zuh4uZ,53,Female
613,Dayamai Shetty,cdevi@example.com,%0BT5X8r8y,51,Male
614,Zayyan Rama,raghavbera@example.com,A$9X3Ybe5(,59,Male
615,Balveer Iyengar,tchana@example.org,R^n2oHwhWb,53,Female
616,Vivaan Kota,xsibal@example.com,!W7ZnGcti6,45,Male
617,Ishanvi Bir,kbahri@example.org,2xO7lP#v8$,49,Female
618,Caleb Krishnan,akapadia@example.org,^8E6dioV24,53,Female
619,Gabriel Kadakia,sarthakratta@example.net,7$X^caMc$0,27,Male
620,Lila Mohan,rohan53@example.net,*!J7sE%l5b,39,Male
621,Jackson Rastogi,bdewan@example.com,)8OrR!3qGp,20,Male
622,Charita Chhabra,jpradhan@example.org,N&2%O@DaCp,45,Female
623,Frederick Ravel,kchahal@example.org,+W%78uGy_R,52,Male
624,Nathan Sampath,vpandey@example.org,Gx6%J6ob%%,49,Female
625,Bhavika Acharya,pratyush36@example.net,geo5AcCR2&,41,Male
626,Baljiwan Khalsa,pandyajagdish@example.com,bWy8UiaL@1,21,Male
627,Fiyaz Saha,missac@example.com,$6RNJld!*E,59,Female
628,Megha Malhotra,oscar06@example.com,$2#CQxgj!V,37,Male
629,Chandani Deshmukh,rudramajumdar@example.net,L^l2Uazscf,50,Male
630,Nirja Dara,vyasekapad@example.com,H2lMlb&o%m,55,Male
631,Nakul Shah,avni92@example.net,qE94fNsm*H,49,Female
632,Dev Mani,pallajairaj@example.net,*16A$zxsFm,43,Female
633,Madhav Suri,ishwar49@example.org,u(5B7dRsI$,24,Male
634,Kamala Din,bborra@example.com,2H(AxSVL^8,30,Male
635,Ojasvi Kalla,yogiyashawini@example.org,g9VMAwU_!9,59,Male
636,Shravya Pillay,amritajhaveri@example.net,(nMyxCtki6,50,Male
637,Harshil Bali,indrajitgoswami@example.org,h*w92VBw3&,49,Female
638,Abdul Bhalla,wrideshsarna@example.net,+2z*T77x%h,27,Male
639,Praneel Das,dixitvasudha@example.org,hkp_8NTsQn,46,Male
640,Oni Murty,qthaman@example.org,(eOygMwQ99,22,Female
641,Libni Deshpande,garimamannan@example.org,^+r7yPhl0w,25,Male
642,Xavier Singhal,gmahal@example.org,!v9Mb%Cn$n,24,Male
643,Dayamai Pant,eshanapandey@example.com,82iD^oC^_a,59,Female
644,Wahab Jani,victorchaudry@example.com,v7l^RJEU(#,29,Male
645,Mason Char,dubeyyug@example.com,%9EGDYTxrX,47,Male
646,Naveen Ganesh,vedhika60@example.com,j1o9Xwal(F,29,Male
647,Chakrika Chakrabarti,hbobal@example.net,eNGbUu9l(4,48,Male
648,Theodore Bajaj,udant79@example.com,$sO0u4xy^7,24,Female
649,Jeevika Barman,jagvi96@example.net,@i5#kWzxjC,39,Female
650,Ekbal Basu,iyengarbalveer@example.org,%8vUyVeEtq,21,Female
651,Imaran Dugal,jagvi28@example.org,P*V6MT1pS^,19,Male
652,Amara Dhar,bhattekiya@example.org,E#Yh8C_nur,33,Male
653,Benjamin Kothari,faraspatla@example.net,WC00pDu*#N,54,Female
654,Anirudh Balakrishnan,issacleela@example.net,*EX2Djr+N9,34,Female
655,Chanchal Modi,tnanda@example.org,@5t$Fed18U,52,Female
656,Radhika Palla,zinal52@example.com,#0dF_7nnTQ,57,Female
657,Andrew Agrawal,nihalbatra@example.net,x*j7MCqdr+,44,Female
658,Reyansh Sinha,nihal06@example.com,49K%HCpq$k,38,Male
659,Vamakshi Kar,ucchal79@example.net,^pSxNViD7d,24,Female
660,Divya Bail,yadavvictor@example.com,Hw2TrJ1i_x,44,Female
661,Karan Sharma,samaksh41@example.org,J9&3G$Or5D,44,Male
662,Tanmayi Tata,gautamchhabra@example.org,#9hIm%f4_v,33,Male
663,Naveen Basak,hroy@example.net,yV+9ANB1_2,28,Female
664,Yachana Balasubramanian,ykapadia@example.org,%rj3jZmZ#A,19,Male
665,Avi Datta,jkurian@example.net,Iq8Zb9Lcc$,33,Female
666,Girik Ram,balakrishnanlavanya@example.com,O9H8i0Kl#r,26,Female
667,Nachiket Kashyap,pathakekani@example.org,#QhLA#Xva1,60,Male
668,Jyoti Contractor,sodhimeghana@example.org,_+j39EqaBE,18,Female
669,Zinal Aggarwal,purisanaya@example.com,5y_!&HAp(S,23,Female
670,Utkarsh Gupta,ebanik@example.com,Y%)8ZjwuIK,54,Male
671,Sneha Sinha,qmohan@example.net,9d8WYFdlu*,46,Male
672,Vivaan Chakrabarti,indali18@example.org,@OTK2AAqHS,30,Female
673,Madhav Merchant,devika92@example.com,$ms^bP2bd9,34,Female
674,Charan Dixit,okhatri@example.org,@NgF%Ybb8b,60,Male
675,Eshana Ratta,dattaayaan@example.net,(D8oAZ%Po0,39,Male
676,Neel Ben,finn38@example.net,61mWbx%$_n,22,Male
677,Qarin Doshi,darika54@example.com,!7&a&WmeEt,56,Female
678,Pratyush Goyal,xvora@example.org,PQKOrOg_@5,52,Male
679,Indrajit Jain,dasjanani@example.net,^3G!r*hy3&,21,Male
680,Onkar Rau,behljanya@example.com,**pgUx$lQ0,25,Female
681,Ayush Johal,abedi@example.net,o_g)g5Cx37,58,Female
682,Dhruv Dhingra,deviodika@example.org,)LY#w3xB0^,38,Female
683,Nandini Ganesh,azaandevan@example.net,(4tGnn@BqO,22,Male
684,Oeshi Krishnamurthy,rauyamini@example.com,c8aTjbD*&*,28,Female
685,Vedhika Tailor,damyanti11@example.org,@2wyI48eeN,28,Female
686,Kavya Iyer,baraldaniel@example.org,4o^8mEwgUe,25,Male
687,Harinakshi Prabhakar,hemanginidixit@example.com,_kOn7aNal%,40,Female
688,Amol Varughese,johalanjali@example.com,IiA_QFg)*4,60,Male
689,Dipta Samra,hiraldutt@example.org,0Q__1nZ)@n,49,Female
690,Jack Chawla,rattanekbal@example.org,x85Xsm((T_,32,Female
691,Ekantika Mane,nachiketdada@example.com,P!9D!yrOBB,60,Male
692,Vincent Gokhale,dinprisha@example.net,uL&s4URzWU,34,Female
693,Charan Iyer,shravya23@example.net,@p8LQwI%4),36,Male
694,Lakshit Arora,perinachiket@example.org,7j9MdDw!n!,54,Male
695,Joshua Kohli,odoctor@example.org,@9U_(@ye^Z,29,Male
696,Nachiket Balay,victoragarwal@example.org,gB_Pgj8a+2,58,Male
697,Ekaja Badal,khoslajanani@example.org,EJh4Tnnse_,21,Female
698,Nilima Bains,charitavarkey@example.net,t1Gr9Att(u,57,Female
699,Harish Bhasin,pushti42@example.net,(GGwD_dFH6,48,Male
700,Radha Dugal,gsem@example.net,D8lOu4fl$l,36,Male
701,Aahana Shukla,rohansekhon@example.com,#7tk7N#JaW,35,Male
702,Yuvraj Wagle,xdeol@example.org,fo0NGNru+j,48,Male
703,Manbir Majumdar,wtata@example.net,k62%tCsi4%,52,Male
704,Madhavi Iyengar,ebal@example.net,@5Mb3B)F%W,33,Male
705,Zansi Nigam,dasseta@example.com,F+59$J&KOh,54,Male
706,Kiaan Manne,edhithasarkar@example.com,CkcHe(Qv%2,40,Female
707,Yatan Biswas,xbath@example.net,RX$&2S&hd#,40,Male
708,Samar Rege,keerprisha@example.net,p_@!8VlKCM,38,Male
709,Tanmayi Narain,nihallata@example.com,)j)zLa1p$3,20,Female
710,Jagat Prasad,boasearyan@example.com,B%8LnhkHsE,48,Male
711,Arjun Sehgal,iyerupasna@example.net,^d3WRMsQM&,52,Female
712,Amrita Raman,januja20@example.net,A&E5Dq$G(@,19,Female
713,Wyatt Sachdeva,owenom@example.com,&un7t2Byk+,38,Male
714,Qushi Tara,wyatt56@example.org,!g15XMM!P&,49,Female
715,Kamya Ahuja,warhi57@example.org,%@5ZKw+nVm,40,Female
716,Bhavani Suresh,wsawhney@example.net,*zj8B4WxD0,46,Female
717,Anita Padmanabhan,hkara@example.com,e*4boVh##Y,46,Male
718,Inaya Sathe,pradhanpranav@example.org,i*&4SFNyCH,52,Male
719,Warhi Wali,balveer25@example.org,8kD+@0YsZn,52,Male
720,Diya Doctor,turvilal@example.org,a(l9XS#yYl,19,Female
721,Maanav Upadhyay,ggarde@example.org,%2dCt7Yh@j,29,Female
722,Gaurangi Parsa,jhalakbir@example.com,^U6B8Fep$(,26,Male
723,Ishita Dhillon,voraeta@example.org,z((L40BxE7,33,Male
724,Varenya Varty,upasnasehgal@example.com,l)_d7+Ef&h,53,Female
725,Suhani Sengupta,rmajumdar@example.org,v0lJ%Wrm^S,36,Male
726,Oscar Bumb,ycheema@example.com,Oy@3tJvU*$,53,Male
727,Suhani Talwar,tlala@example.org,(16kTqNN!U,34,Female
728,Amara Prasad,ksachar@example.org,v9x0VJTs_o,47,Female
729,William Karan,michael78@example.org,+g86JPc)B^,48,Male
730,Kavya Rajagopal,ozajagvi@example.net,u^89XIay!S,29,Male
731,Noah Roy,qgera@example.com,Ls2jrUctT&,54,Male
732,Quincy Chokshi,praneel72@example.com,t_2uhL#aWP,57,Male
733,Nathaniel Tailor,ekanshmunshi@example.org,WL!6+9SsZf,44,Female
734,Max Mammen,sahotajagvi@example.org,mhLo6^WE$9,48,Male
735,Samarth Pingle,wsibal@example.org,Fn!0RPJyLU,39,Female
736,Keya Bahl,ekanta97@example.net,@q9m)O5y7s,59,Male
737,Warda Korpal,svyas@example.com,z_4S#qf#S@,42,Female
738,Nidra Suri,niteshbhatti@example.net,^)Zl04^zSD,56,Male
739,Oviya Samra,chandresh20@example.com,+*!0&Jf5fZ,41,Female
740,Vinaya Mistry,siya55@example.org,WFS7oqHl+W,45,Female
741,Girindra Dey,shauryasetty@example.org,J@B07Y&fvo,19,Female
742,Upma Sant,vdasgupta@example.com,%NuZjJvl9+,57,Female
743,Lajita Shenoy,yashbali@example.org,6D2cwHvr)K,54,Male
744,Niharika Walla,hlall@example.net,!7u7FNtL3r,26,Female
745,Anthony Bhavsar,turvi27@example.net,w!3R%AM09k,54,Male
746,Omkaar Madan,kohliraghav@example.org,@n7m^Suq%6,60,Male
747,Gaurangi Wable,hredhaan10@example.org,W2%fe4SdUv,29,Male
748,Ranveer Ravel,nbains@example.net,+dIJ6&iz1T,35,Female
749,Darsh Batta,elijah71@example.net,L8tey3bV_b,58,Female
750,Vidhi Bhavsar,charles61@example.com,&EyN0HyBx8,42,Female
751,Elijah Chadha,yatinjani@example.net,E550YJBx%1,42,Male
752,Oviya Saxena,charitamukhopadhyay@example.org,3w_Si(#t!6,28,Male
753,Zansi Rattan,ojas70@example.org,MU7VD4Fy*F,57,Male
754,Hema Aggarwal,narainrayaan@example.com,S40NBlkR_a,44,Female
755,Sarthak Sood,onveertaneja@example.org,Uh1fJA0PR(,43,Male
756,Nicholas Sarma,avni01@example.net,#48MMWplfq,40,Male
757,Frederick Sharma,matwal@example.net,09n4Z$fi#b,23,Female
758,Ekaja Subramanian,daramax@example.net,xK_*1NNjuW,52,Male
759,Vedant Wable,jason45@example.org,h#^9Xf(b73,41,Female
760,Umang Dalal,isaac29@example.org,a_bk6lQLXc,40,Female
761,Anjali Devan,saumya62@example.org,q0X$eZGj_h,54,Male
762,Mitesh Gill,kbanerjee@example.org,x+63I7rydf,54,Male
763,Bhavya Sharaf,dayamaiparmar@example.com,27f4QWYy3&,46,Female
764,Ishanvi Arya,hranganathan@example.org,8IfqB%zu@O,38,Female
765,Agastya Prakash,kamya87@example.net,%^69HmDaiq,24,Male
766,Onveer Yogi,rohan40@example.net,%#^_Rw#Ar1,36,Female
767,Tristan Chand,ikashyap@example.org,@cBBdkcuZ7,58,Male
768,Baljiwan D’Alia,modyisaac@example.net,^kFDdrpi3J,46,Male
769,Girik Thaker,reyanshshroff@example.com,$IYY!6PsV7,57,Female
770,Anusha Bhakta,shenoyakshay@example.com,&V0AVmMc33,42,Female
771,Dayamai Pall,ikapadia@example.net,+#lOHv&8!7,33,Male
772,Kala Sarna,gaganmunshi@example.com,&7TB(7XwDA,25,Male
773,Ridhi Date,devanshsalvi@example.org,eS8oKT!h%Y,56,Female
774,Oni Sabharwal,zansibaria@example.com,GG_9AJOm&_,30,Female
775,Wyatt Korpal,kadakiaisha@example.net,%MOMjx$iB1,55,Female
776,Manbir Master,ddasgupta@example.org,*_2#PUi3tx,19,Female
777,Janani Sawhney,cmenon@example.net,*avP75EpXC,24,Male
778,Unnati Shan,skurian@example.org,zhK%xyvj%2,24,Male
779,Aarav Patil,georgevarkey@example.com,_cSBow4%Z3,59,Female
780,Farhan Sinha,ucchal03@example.com,m&m+6R*z3E,21,Male
781,Rudra Rau,jagate@example.net,Cq2KDOEs^_,44,Female
782,Ryan Sarraf,lmunshi@example.org,y#&1NiD6A),52,Female
783,Ekaraj Narasimhan,kpandey@example.com,_E^*8W#u)Y,45,Male
784,Xiti Konda,jonathankala@example.org,#WEi*W*pR4,20,Female
785,Tara Batta,harshildalal@example.net,7@7UrwCs_o,39,Male
786,Neel Kashyap,girik32@example.com,6+(RLVTo+!,49,Male
787,Meghana Tak,naiduhardik@example.org,(u8arJ(@s3,45,Male
788,Gagan Gola,kotanisha@example.org,#_tx)OkX&3,34,Female
789,Dalaja Mangal,krishjoshi@example.com,*_R8jRn)GN,34,Male
790,Nitesh Vohra,jeremiah52@example.org,86$VO$Yj$6,41,Male
791,Nathaniel Vaidya,yedwin@example.net,%77sRx9oJE,30,Male
792,Urmi Dhawan,ishanviwable@example.com,96Q+RrLq!(,28,Male
793,Manya Barad,netragrover@example.com,Q9a8EP7d*d,23,Male
794,Tarak Kar,nazarethxavier@example.org,59ieqT&a)z,51,Male
795,Niharika Aggarwal,wazir78@example.com,!H)E%_OPe7,18,Female
796,Chaaya Mahal,mchandra@example.org,ikc7IS*o#A,21,Female
797,Faris Master,elijah93@example.org,#4tI3oNfFy,19,Male
798,Forum Uppal,omahal@example.org,dL(3UOmW42,18,Female
799,Yadavi Bala,jaggiupadhriti@example.com,a#G97XYrXg,45,Female
800,Peter Karpe,baradchandani@example.com,cxU$1jStgy,24,Male
801,Abhimanyu Pradhan,jatinraman@example.org,)N!@2BsC@&,57,Female
802,Brijesh Bera,aaravmallick@example.org,4F*EH+fn)#,30,Female
803,Irya Dhaliwal,david93@example.org,(1W%RKfkW0,36,Male
804,Anusha De,charitakohli@example.org,#)5IKQ3XGb,34,Female
805,Devansh Saran,saransamaksh@example.org,E4@QrwgA@k,26,Female
806,Ira Kanda,xitikara@example.org,a@f9SIyg#Z,51,Female
807,Alexander Upadhyay,zwalla@example.org,Xbkc6uFdH@,47,Male
808,Yatin Boase,banerjeeteerth@example.org,&7eUfj1asZ,32,Male
809,Krishna Jayaraman,varkeyakshay@example.com,r0h6#Vq9G^,52,Male
810,Ranveer Kumar,madhav52@example.com,r*6T0PIg1I,26,Male
811,Pratyush Yogi,zaitraram@example.com,w4Omgh6P(a,58,Female
812,Anthony Patla,dayita66@example.net,kl8R@m+l+V,41,Female
813,Ekbal Bhakta,balvanramanathan@example.net,g5VVEkfz+c,41,Female
814,Xiti Wali,onimagar@example.com,fm!dNa!E^2,33,Female
815,Pranav Dutt,vaishnaviprashad@example.org,k3@#Q6vu+p,50,Female
816,Vasudha Sahota,ngrover@example.net,n&2NfR^iIF,26,Male
817,Shivani Sarkar,hghosh@example.com,s*Jl(2TrYA,42,Male
818,Jatin Bhalla,lohit93@example.net,%6MPF6ofhF,56,Male
819,Ayaan Ghosh,idika47@example.net,13pR5hq)!1,54,Male
820,Laban Varma,pandra@example.com,C_97KIApxr,23,Female
821,Dakshesh Gara,nirja28@example.net,y$zQ)5TbCx,60,Male
822,Nisha Choudhury,goeltimothy@example.org,h3R4ei3H#u,57,Male
823,Diya Anand,manncharita@example.org,SAP3IMue2^,23,Male
824,Chanakya Minhas,sachidin@example.org,8YHlV94qk#,37,Male
825,Vasatika Buch,agatehardik@example.net,dp)RT6Hcu),29,Female
826,Jatin Chhabra,tristanmaharaj@example.net,c%fC9xCyA%,47,Male
827,Peter Balan,nathanielgola@example.org,W)4T+$%dSd,53,Male
828,Raksha Dixit,rajunitesh@example.org,$AJ0Pulqr@,39,Male
829,Gunbir Ramesh,chandomya@example.net,(uQF!r0G12,31,Female
830,Waida Sama,xitisathe@example.com,#3KBZRaJXg,60,Female
831,Hemani Murthy,charles12@example.com,@d72YPY))%,48,Female
832,Upadhriti Buch,praju@example.com,P7zYQFg3)),24,Male
833,Manya Pillai,rsrinivasan@example.com,5WACXcNk*Y,50,Male
834,Vasudha Radhakrishnan,cagarwal@example.com,K31SGQzEu%,35,Female
835,Nilima Tank,samakshratti@example.org,)2ToFYTsle,22,Male
836,Wriddhish Deol,ojasgrewal@example.net,XoSoc$yU_1,36,Male
837,Nicholas Shenoy,hemani38@example.net,@#RqUp)s58,53,Male
838,Chasmum Borde,ksingh@example.com,*d7S!bcz!X,58,Female
839,Avni Nayar,swamydarsh@example.net,gMYW7ZjU_B,26,Female
840,Amruta Pai,advay43@example.net,_QG7Lx%I$l,42,Male
841,Varsha Badal,dubeyzashil@example.com,@4Wtl+B586,44,Male
842,Amaira Ganesh,girishbarad@example.com,l)1WXjhb%(,29,Female
843,Girindra Bhasin,shaurya91@example.org,&PVWXjx(*8,59,Female
844,Anay Grover,madanrachita@example.com,9ycdQ^mK*9,47,Female
845,Avni Purohit,nishavenkataraman@example.com,7TQVlmVv&B,29,Male
846,Qasim Char,agera@example.net,YG0iFe#jf&,58,Female
847,Reva Palla,aggarwalkamya@example.com,zE*4As1D)4,45,Male
848,Aryan Dua,mbir@example.com,#1nV6GrU0r,32,Female
849,Abdul Oommen,yprabhu@example.net,a6428E_W&w,22,Male
850,Bachittar Sharma,mohini62@example.com,0yn6Od+fU$,21,Male
851,Anika Rajagopalan,omaja10@example.net,%)6RcuLb98,56,Male
852,Vritti Kadakia,pandeyojasvi@example.com,(8jYpTVg^1,53,Male
853,Ekaraj Balay,leela38@example.org,Ibl7E_(w@2,27,Female
854,Gautami Sabharwal,guneet88@example.org,%(7ry*Ooiw,34,Female
855,Chaitaly Narayanan,waliaoliver@example.org,!BLd%5!wi2,50,Male
856,Vasana Chahal,udyati68@example.com,&B$cLmOPm4,54,Female
857,Ekaja Contractor,cbahl@example.net,v%62UAu#%G,51,Male
858,Elijah Srinivasan,dayitaupadhyay@example.com,n$_44B&bSg,55,Male
859,Amara Khanna,balavritti@example.net,@sB3RZNq4D,33,Male
860,Quincy Pai,ebanerjee@example.net,+GFJ9JUnj6,28,Male
861,Max Shukla,shivaninadkarni@example.org,O^aM13Rw&g,26,Male
862,Kamya Aggarwal,amritashanker@example.com,+#H_H6dn^6,47,Female
863,Reva Nanda,kapooryachana@example.net,n(8vMtmxu&,37,Female
864,Lopa Balay,nmahal@example.net,(X1p6ExwRR,35,Female
865,Ira Puri,gunbirchhabra@example.org,!AC6DRjCkJ,41,Female
866,Dakshesh Bhatt,wchandra@example.net,__PkHTyM+8,37,Female
867,Harish Goyal,jairaj64@example.net,eUPOQmd!)4,20,Female
868,Simon Jha,psathe@example.com,(tUQpHNs3o,46,Male
869,Ubika Dugar,brinda40@example.net,)*LR9o_z(5,24,Female
870,Tristan Koshy,omajamuni@example.net,8o5!Z36M*(,52,Male
871,Sanaya Sachar,abhimanyuahluwalia@example.org,(#1O)yxnOO,38,Male
872,Ojasvi Shan,shroffhardik@example.com,*p1U*ehfk*,53,Male
873,Ira Wali,fitan71@example.org,+96vTqF#8w,45,Female
874,Mohini Walla,tprashad@example.net,(5RtRMnW&!,29,Female
875,Dayamai Choudhary,vaishnaviarya@example.org,*qZ#X8iu*2,33,Female
876,Jacob Ganguly,vanya62@example.com,#_ExNnQl6J,38,Male
877,Udarsh Bali,harinakshinadkarni@example.org,008Q(G@i)M,43,Female
878,Rayaan Vohra,nayardhruv@example.org,#3DT_nbjXg,18,Female
879,Anamika Munshi,prishadalia@example.org,2)88Uxz(^f,59,Female
880,Brijesh Sidhu,badalbishakha@example.org,6ilj(M$j!U,20,Male
881,Sachi Savant,zaitra27@example.net,ig55zBjgW(,53,Male
882,Hema Borah,jagvisunder@example.com,B3uvT_f^+M,36,Female
883,Saksham Uppal,chakrikachaudry@example.com,G6)7^Wn%qj,56,Male
884,Zaitra Devan,wkibe@example.org,VMKI_0RcUG,52,Female
885,Hamsini Nagi,rameshdaksh@example.org,1%85g1Vx%I,19,Female
886,Oliver Grewal,qnath@example.com,$0zYQbJprI,49,Female
887,Yashawini Sood,jbalan@example.net,^xPo1ChD%l,42,Male
888,Neelima Butala,brijesh28@example.net,&pK#YdA1N6,55,Male
889,Odika Ranganathan,ubika24@example.net,!z7y7oYunw,60,Female
890,Jagdish Chander,harsh27@example.org,Swx8FIBu+1,27,Female
891,Ishwar Sha,jhalakbhat@example.org,^Q73R1Nfrq,24,Female
892,Abha Sampath,robert39@example.com,X)E5N#gNhg,55,Female
893,Avni Shenoy,chasmum47@example.net,j$9nAIwdN$,18,Female
894,Aarini Mitra,tejas34@example.net,7^njD$dF!5,25,Male
895,Yatin Memon,sethisimon@example.org,99snT)vl_w,39,Female
896,Forum Dugar,mekhalakant@example.com,W_9#LKfdfh,19,Female
897,Gaurang Kibe,chamelirajagopal@example.org,MM9jLm*L^S,49,Male
898,Bhavna Goswami,svirk@example.net,Z)4Q3kStq8,31,Male
899,Eshana Som,lilabatta@example.org,!2Ne5_KAsj,60,Female
900,Lucky De,ubrahmbhatt@example.net,*RgqtBcl0v,47,Male
901,Eta Ahluwalia,chandraanmol@example.com,$68(WkSV1p,42,Male
902,Bahadurjit Loyal,roommen@example.com,$GOjlGGrZ2,44,Male
903,Edhitha Talwar,ykadakia@example.org,!&RmTLOtE4,56,Male
904,Gautami Sama,dashranbir@example.org,H(3YbXMgkZ,26,Female
905,Jagat Bava,omavni@example.com,lw2j4Gow*#,59,Male
906,Advaith Basu,ashukla@example.org,$V7s1SvlH3,51,Female
907,Zaitra Balakrishnan,zaitrahayre@example.org,0tGIm&oA^),25,Female
908,Lakshit Sharaf,logan46@example.org,%NAiJo@0w2,56,Male
909,Amol Mander,baradindali@example.org,tE^1RLm)(F,32,Male
910,Ira Mane,ugopal@example.net,2!s2^8WlTk,18,Female
911,Aadi Chokshi,chatresh51@example.net,5$TJQAg*$L,31,Female
912,Sneha Nigam,samarth66@example.net,e$K8Q53Eht,43,Male
913,Vasudha Sachdeva,tandonmanya@example.org,a^2aAyL$yF,42,Female
914,Teerth Dhingra,aayush72@example.net,Biv6O)LW%$,39,Female
915,Jacob Gara,girikbahl@example.net,%7ALdnOpc+,49,Female
916,Yashodhara Sood,jananibera@example.net,2idNQY!w#9,30,Female
917,Rachit Zacharia,dtailor@example.com,la_2Xs(FPK,41,Male
918,Keya Bala,zbalakrishnan@example.org,ynC6WzIyH@,53,Female
919,Viraj Rajagopal,gaurika92@example.org,@Bm6CDeN0m,36,Female
920,Sneha Kannan,tanveer25@example.com,T^%1Ve&^^e,34,Female
921,Gautam Hora,david84@example.org,o$5T&Lyz*s,28,Male
922,Chatresh Tailor,dalbir37@example.org,(tJ4hNjlD(,20,Female
923,Gabriel Naidu,vdalal@example.net,7fZw@8hb!B,45,Male
924,Wriddhish Kala,lalfalak@example.com,NC%1GKf$+o,43,Female
925,Sai Dalal,kamala73@example.com,AwQvEs4c)0,26,Female
926,Guneet Walia,brijeshchadha@example.net,wgSx8QAl@3,33,Female
927,Logan Manne,nsandhu@example.org,*)Tl9^Jtq9,45,Male
928,Riya Nigam,iamble@example.net,5g2yZ^rO7!,34,Female
929,Advaith Sen,loparandhawa@example.net,+qWUsjFNG7,25,Female
930,Arunima Tailor,pandeysara@example.com,DW3*x2Uz3&,25,Female
931,Zilmil Baral,ekajamani@example.org,X7ERTvOw)y,18,Male
932,Ekantika Golla,khareveer@example.org,6SJyh*hx%T,19,Male
933,Upadhriti Buch,yarya@example.org,Z@02hBk9gS,55,Male
934,Joshua Naidu,vrittiarya@example.com,8VCR1(^q&5,42,Male
935,Ikbal Randhawa,xsabharwal@example.com,%eee6ABw6X,55,Male
936,Aarnav Shere,eshanaranganathan@example.org,&63mA0Xr1F,25,Female
937,Wyatt Mitter,banjeet82@example.com,p073Xj%CE%,57,Female
938,Balhaar Mangat,upma69@example.com,siEqTVNl&0,21,Female
939,Lipika Bhalla,mraghavan@example.org,K(AYC4fpsM,21,Female
940,Upma Aurora,xkuruvilla@example.net,OzK+2VoCz5,30,Female
941,Nisha Agarwal,chasmum12@example.org,)9IFn6^yTl,46,Female
942,Fitan Kumar,vhegde@example.com,_GjXw3hg4+,25,Female
943,Rachita Mammen,chakradev94@example.org,yco4LM)w&a,46,Female
944,Ojas Apte,tkakar@example.org,vc5CSbrAo$,22,Female
945,Upasna Choudhry,benanjali@example.net,o4%S^k_n(b,27,Female
946,Priya Raja,ojasvighosh@example.net,y1A+sIzw#9,29,Male
947,Wazir Hayre,bsethi@example.org,HkT@0YVgBV,24,Female
948,Darpan Krishnan,bahriutkarsh@example.net,kKIy2GlLy%,32,Male
949,Priya Basak,warhi28@example.net,G1D^w0Gkfg,58,Male
950,Shivansh Prashad,dhillonabeer@example.net,L8_w1Bdj(s,44,Male
951,Niharika Bhardwaj,palsimon@example.com,%(5Rdjwnog,44,Female
952,Frado Dugar,krishmurthy@example.org,ysqk6Jil)0,56,Female
953,Frederick Chatterjee,abajwa@example.net,@46!pheqtD,22,Male
954,Xalak Khosla,csharaf@example.org,%b5wz5TeKM,42,Male
955,Nidhi Varty,ekani07@example.org,!DBGvm6e8^,46,Male
956,Xalak Ramachandran,jatin70@example.net,@8WCYusoRE,40,Female
957,Fariq Oza,zbhatia@example.com,*U_NpOLy!5,56,Male
958,Chaaya Bail,pmukhopadhyay@example.net,R43OxzmA&^,25,Male
959,Indrajit Rout,balayyashasvi@example.net,(dDzt&)n73,42,Female
960,Wazir Natarajan,murtyaarna@example.org,^6ML18WpHF,60,Male
961,Siddharth Sha,wishi71@example.org,@Ze(8It*5e,38,Male
962,Ryan Gole,beraluke@example.com,x^c3WCNjx7,50,Female
963,Victor Lalla,mbala@example.org,!o)$NMw$_2,41,Male
964,Anirudh Mani,ghoshishani@example.com,gDH0)S8p5&,39,Female
965,Ethan Balasubramanian,tejas74@example.com,_K!Nkt_o_3,56,Male
966,Lohit Subramanian,contractorsaksham@example.net,#XQe9Fcv0&,51,Female
967,Alexander Sur,chadpeter@example.org,fv#23Biq$T,47,Male
968,Theodore Doshi,skakar@example.org,py05zUo2&_,48,Female
969,Henry Datta,hpingle@example.com,&5D568tX0H,29,Female
970,Naveen Prasad,choudhuryvihaan@example.com,0lB*5rRiRo,28,Male
971,Samuel Shetty,qdua@example.com,C^o3Mn+fZc,56,Female
972,Omkaar Chandra,ayushmansachdeva@example.org,FDU8rFxd&_,23,Male
973,Kai Srinivas,bkeer@example.com,$7DZMjtCM0,51,Female
974,Upkaar Batra,hamsinirama@example.com,kII6FtxO%%,29,Female
975,Viraj Dey,liamsodhi@example.com,+83vx)T5Jr,40,Female
976,Sudiksha Randhawa,dharjackson@example.org,G0YrYdAC$e,48,Male
977,Ranveer Om,wsaran@example.net,_m1Y3fg72u,38,Male
978,Krishna Chatterjee,shettyarya@example.com,c2OfrGLI&!,58,Male
979,Harrison Menon,qnigam@example.com,e)7YZBIkx*,18,Female
980,Chaitaly Raj,yatin17@example.net,3mRTDW_r@H,45,Male
981,Arunima Sami,sahotarishi@example.net,yEAEa)3b^5,45,Male
982,Yauvani Boase,bhavaniminhas@example.org,Hkf*I0ex)0,49,Female
983,Adweta Dani,wpingle@example.net,0278Lwxh(L,38,Female
984,Pahal Nanda,yaminipall@example.org,B3HZiVYy@n,51,Male
985,Vedika Varkey,zsagar@example.com,6NBR$4Ll$H,37,Male
986,Shravya Chakrabarti,amrutadada@example.net,78o+Vnep_J,35,Female
987,Chaitanya Dass,sarthakkrish@example.org,D6cDZVXR%c,42,Female
988,Osha Sarma,skar@example.net,v3#SrVhB#U,42,Male
989,Panini Mahal,ishwar84@example.com,Iji+2SNy*O,29,Male
990,Neel Chaudhary,chadarajeshri@example.org,*GC8OuKke4,56,Male
991,Januja Dhaliwal,jchowdhury@example.net,0FSB(szw#6,44,Male
992,Eta Sem,gavin90@example.org,q_4Rx_WQ)!,41,Female
993,Nathan Kant,pdixit@example.org,vYn5R0bj!W,49,Male
994,Aditya Parekh,chasmumpillay@example.org,$ilB_IFyv0,60,Male
995,Turvi Jhaveri,rohannayak@example.org,#!7EI@Tt0S,45,Female
996,Unni Chaudhary,sombenjamin@example.org,%3CQ4+fg*C,39,Male
997,Raagini Chaudhuri,lavanya74@example.com,Q*64S))krK,39,Male
998,Rehaan Warrior,kabir45@example.com,+7&ybURr)3,18,Male
999,Sai Ben,ployal@example.net,AN6LsTsn^8,27,Female
1000,Ekalinga Mall,taraksundaram@example.com,!WPSKL^gh2,22,Male
